{
  "$schema": "https://raw.githubusercontent.com/grafana/grafana/main/docs/sources/developers/plugins/plugin.schema.json",
  "type": "panel",
  "name": "QR code",
  "id": "betatech-qrcode-panel",
  "info": {
    "keywords": ["panel"],
    "description": "Render a QR code",
    "author": {
      "name": "Beta Technologies"
    },
    "rootUrls": [
      "https://github.com/Beta-Technologies/grafana-panel-qrcode"
    ],    
    "logos": {
      "small": "img/logo.svg",
      "large": "img/logo.svg"
    },
    "links": [
      {
        "name": "GitHub",
        "url": "https://github.com/Beta-Technologies/grafana-panel-qrcode"
      }
    ],
    "screenshots": [
      {
        "name": "Panel",
        "path": "img/dashboard.png"
      }
    ],
    "version": "1.0.0",
    "updated": "2024-09-19"
  },
  "dependencies": {
    "grafanaDependency": ">=10.0.0",
    "plugins": []
  }
}
